,XBB.1,XBB.1.9.1,XBB.2.3,XBB.1.5,XBB.1.16,EG.5.1
XBB.1,100.0,99.99999808039482,99.99999593617336,99.99999808039482,99.99999784293418,99.99999689792294
XBB.1.9.1,99.99999808039482,100.0,99.99999785912162,100.0,99.9999997621694,99.9999988159321
XBB.2.3,99.99999593617336,99.99999785912162,100.0,99.99999785912162,99.99999762132452,99.9999966767162
XBB.1.5,99.99999808039482,100.0,99.99999785912162,100.0,99.9999997621694,99.9999988159321
XBB.1.16,99.99999784293418,99.9999997621694,99.99999762132452,99.9999997621694,100.0,99.99999857731355
EG.5.1,99.99999689792294,99.9999988159321,99.9999966767162,99.9999988159321,99.99999857731355,100.0
