,XBB.1,XBB.1.9.1,XBB.2.3,XBB.1.5,XBB.1.16,EG.5.1
XBB.1,100.0,99.99999802107958,99.99999566358758,99.99999802107958,99.99999768352417,99.99999662868979
XBB.1.9.1,99.99999802107958,100.0,99.9999976464848,100.0,99.99999966235832,99.99999860638017
XBB.2.3,99.99999566358758,99.9999976464848,100.0,99.9999976464848,99.9999973084166,99.9999962545144
XBB.1.5,99.99999802107958,100.0,99.9999976464848,100.0,99.99999966235832,99.99999860638017
XBB.1.16,99.99999768352417,99.99999966235832,99.9999973084166,99.99999966235832,100.0,99.99999826870906
EG.5.1,99.99999662868979,99.99999860638017,99.9999962545144,99.99999860638017,99.99999826870906,100.0
