,XBB.1,XBB.1.9.1,XBB.2.3,XBB.1.5,XBB.1.16,EG.5.1
XBB.1,100.0,99.99999819865518,99.99999605290851,99.99999819865518,99.99999789139032,99.9999969311977
XBB.1.9.1,99.99999819865518,100.0,99.99999785768077,100.0,99.9999996926551,99.99999873148035
XBB.2.3,99.99999605290851,99.99999785768077,100.0,99.99999785768077,99.99999754997138,99.99999659058689
XBB.1.5,99.99999819865518,100.0,99.99999785768077,100.0,99.9999996926551,99.99999873148035
XBB.1.16,99.99999789139032,99.9999996926551,99.99999754997138,99.9999996926551,100.0,99.99999842411184
EG.5.1,99.9999969311977,99.99999873148035,99.99999659058689,99.99999873148035,99.99999842411184,100.0
